720	chd	2022.05.08 04:06:47	Normal
680	chd	2022.05.07 09:46:55	Easy
660	chd	2022.05.08 04:57:13	Normal
630	chd	2022.05.08 04:51:04	Normal
570	chd	2022.05.07 08:34:46	Difficult
440	hello	2022.04.30 09:48:21	Easy
420	chd	2022.05.07 11:06:19	Easy
370	902	2022.04.30 09:43:34	Normal
360	chd	2022.05.08 04:52:34	Difficult
350	chd	2022.05.08 05:34:20	Easy
290	chd	2022.04.30 08:38:31	Normal
280	chd	2022.05.07 09:10:10	Normal
270	chd	2022.05.08 12:10:16	Difficult
270	123	2023.04.26 01:52:20	Difficult
210	chd	2022.04.30 09:41:25	Difficult
210	null	2023.02.09 10:13:29	Easy
180	chd	2022.05.07 10:53:39	Normal
170	酱酱	2022.05.07 11:17:15	Difficult
160	null	2023.02.09 10:14:43	Difficult
130	chd	2022.04.30 09:46:26	Difficult
120	chd	2022.05.08 05:01:30	Easy
110	hkj	2022.05.07 09:07:54	Difficult
110	123	2023.01.09 10:37:04	Easy
90	null	2022.05.07 10:48:12	Difficult
70	null	2022.05.07 09:16:02	Difficult
70	null	2022.05.07 09:17:00	Normal
60	null	2022.05.07 09:47:07	Difficult
60	chd	2022.05.07 10:55:53	Normal
50	dhj	2022.04.30 09:14:24	Difficult
50	name	2022.04.30 09:28:33	Easy
40	xw	2022.04.30 09:10:40	Normal
40	null	2022.05.07 09:15:49	Difficult
40	chd	2022.05.07 11:31:31	Easy
30	zxr	2022.04.30 09:04:44	Normal
30	98	2022.04.30 09:55:44	Difficult
30	chd	2022.05.07 11:52:21	Difficult
30	chd	2022.05.07 11:56:29	Difficult
30	chd	2022.05.08 04:18:50	Difficult
20	null	2022.05.07 09:05:03	Easy
0	chd	2022.04.30 08:33:35	Normal
0	2121	2022.04.30 09:21:48	Easy
